Workbook

Sheet HistHydro_20260223
B2: Web Platform ID | C2: Modeling Identifier | D2: Study Name (with link to Google Drive) | E2: Short Description | F2: Run/ Update Date | G2: Notes
B3: 1.2 | C3: s0011 | D3: s0011_adjBL_wTUCP | E3: DWR 2023 Baseline | F3: 45848
B4: 1.1 | C4: s0020 | D4: s0020_DCRadjBL_2020LU_wTUCP | E4: DWR 2023 Baseline with TUCPs & 2020 land use | F4: 45875
B5: 1.3 | C5: s0021 | D5: s0021_DCRadjBL_2020LU_woTUCP | E5: DWR 2023 Baseline without TUCPs & 2020 land use | F5: 45884
B6: 1.5 | C6: s0023 | D6: s0023_USBR24Alt2V1_adjBL_2020LU_woTUCP | E6: USBR 2024 Alt2V1 with 2020 land use | F6: 2/17/2026* | G6: Rerun to correct an issue with SLR specification; Tier teams must rerun
B7: 1.4 | C7: s0024 | D7: s0024_USBR24Alt2V1_adjHist_2020LU_wTUCP | E7: USBR 2024 Alt2V1 with 2020 land use & TUCPs | F7: 2/17/2026* | G7: Rerun to correct an issue with SLR specification; Tier teams must rerun
B8: 2.1 | C8: s0025 | D8: s0025_SJVgwLimit_2020LU_wTUCP_v0.2 | E8: Limiting groundwater pumping in the San Joaquin | F8: 45963
B9: 2.2 | C9: s0026 | D9: s0026_SJVgwLimit_SGMALU_wTUCP | E9: Reducing irrigated acreage in the San Joaquin | F9: 46035
B10: 2.3 | C10: s0027 | D10: s0027_CVgwLimit_2020LU_wTUCP_v0.2 | E10: Limiting groundwater pumping in the Central Valley | F10: 45963
B11: 2.4 | C11: s0028 | D11: s0028_CVgwLimit_SGMALU_wTUCP | E11: Reducing irrigated acreage in the Central Valley | F11: 46035
B12: 3.1 | C12: s0030 | D12: s0030_DCRadjHist_2020LU_NoFlowReqt | E12: Remove minimum flow requirements throughout CV | F12: 46049
B13: 3.4 | C13: s0031 | D13: s0031_DCRadjHist_2020LU_salmonflows | E13: Salmon-friendly flows on the Sac & SJR with Shasta storage protections | F13: 46048
B14: 3.3 | C14: s0032 | D14: s0032_DCRadjHist_CVgwLU_eflows | E14: Functional flows for all sites with reduced irrigated acreage for CV | F14: 46034
B15: 3.5 | C15: s0033 | D15: s0033_DCRadjHist_CVgwLU_salmonflows | E15: Salmon-friendly flows on the Sac & SJR with Shasta storage protections and reduced irrigated acreage for CV | F15: 46048
B16: 4.1 | C16: s0035 | D16: s0035_DCRadjBL_2020LU_PriorityHHS | E16: Prioritizing health and human safety surface delivery levels to community water systems | F16: 46069
B17: 4.2 | C17: s0036 | D17: s0036_DCRadjBL_2020LU_PriorityFuncCWN | E17: Prioritizing functional delivery levels to community water systems | F17: 46069
B18: 4.3 | C18: s0037 | D18: s0037_DCRadjBL_2020LU_PriorityFullCWN | E18: Prioritizing full contract or demand levels to community water systems | F18: 46069
B19: 5.4 | C19: s0039 | D19: s0039_USBRAlt3_2020LU_DeltaOut65 | E19: USBR Alt3 with 2020 land use - 65% unimpaired Delta outflow with upstream actions to protect storage | F19: 45981
... B24: 6.4 | C24: s0045 | D24: s0045_DCRadjBL_2020LU_RelaxFallX2 | E24: Remove the fall X2 requirement in the Delta | F24: 46024
B25: 3.2 | C25: s0046 | D25: s0046_DCRadjHist_2020LU_EflowsV2 | E25: Variation of functional flows that removes the downstream Sac, SJR, and Delta flow requirements | F25: 45945 | G25: Note: this replaces the original "functional flows" scenario (s0029)
B26: 7.4 | C26: s0065 | D26: s0065_DWRadapt25_2020LU_DCP | E26: An updated version of the Delta Conveyance Project with 2020 land use | F26: 46041 | G26: Note: this replaces the older DCP version s0010

Sheet CC50Hydro_20260225
A2: Hist Hydro Version | B2: Web Platform ID | C2: Modeling Identifier | D2: Study Name (with link to Google Drive) | E2: Short Description | F2: Run/ Update Date | G2: Notes
A3: =HistHydro_20260223!C3 -> s0011 | B3: 1.2 | C3: s0048 | D3: s0048_adjBL_cc50_wTUCP | E3: DWR 2023 Baseline | F3: 46066
A4: =HistHydro_20260223!C4 -> s0020 | B4: 1.1 | C4: s0047 | D4: s0047_DCRcc50_2020LU_wTUCP | E4: DWR 2023 Baseline with TUCPs & 2020 land use | F4: 45982
A5: =HistHydro_20260223!C5 -> s0021 | B5: 1.3 | C5: s0049 | D5: s0049_DCRadjBL_cc50_2020LU_woTUCP | E5: DWR 2023 Baseline without TUCPs & 2020 land use | F5: 46070
A6: =HistHydro_20260223!C6 -> s0023 | B6: 1.5 | C6: s0051 | D6: s0051_USBR24Alt2V1_DCRcc50_2020LU_woTUCP | E6: USBR 2024 Alt2V1 with 2020 land use | F6: 45982
A7: =HistHydro_20260223!C7 -> s0024 | B7: 1.4 | C7: s0050 | D7: s0050_USBR24Alt2V1_cc50_adjHist_2020LU_wTUCP | E7: USBR 2024 Alt2V1 with 2020 land use & TUCPs | F7: 45982
A8: =HistHydro_20260223!C8 -> s0025 | B8: 2.1 | C8: s0067 | D8: s0067_SJVgwLimit_cc50__20LU_wTUCP | E8: Limiting groundwater pumping in the San Joaquin | F8: 46070
A9: =HistHydro_20260223!C9 -> s0026 | B9: 2.2 | C9: s0068 | D9: s0068_SJVgwLimit_cc50_SGMALU_wTUCP | E9: Reducing irrigated acreage in the San Joaquin | F9: 46067
A10: =HistHydro_20260223!C10 -> s0027 | B10: 2.3 | C10: s0062 | D10: s0062_CVgwLimit_cc50_2020LU_wTUCP | E10: Limiting groundwater pumping in the Central Valley | F10: 45985
A11: =HistHydro_20260223!C11 -> s0028 | B11: 2.4 | C11: s0069 | D11: s0069_CVgwLimit_cc50_SGMALU_wTUCP | E11: Reducing irrigated acreage in the Central Valley | F11: 46071
A12: =HistHydro_20260223!C12 -> s0030 | B12: 3.1 | C12: s0071 | D12: s0071_DCRadjHist_cc50_2020LU_NoFlowReqt | E12: Remove minimum flow requirements throughout CV | F12: 46065
A13: =HistHydro_20260223!C13 -> s0031 | B13: 3.4 | C13: s0072 | D13: s0072_DCRadjHist_cc50_2020LU_salmonflows | E13: Salmon-friendly flows on the Sac & SJR with Shasta storage protections | F13: 46070
A14: =HistHydro_20260223!C14 -> s0032 | B14: 3.3 | C14: s0073 | D14: s0073_DCRadjHist_cc50_CVgwLU_eflows | E14: Functional flows for all sites with reduced irrigated acreage for CV | F14: 46071
... A26: =HistHydro_20260223!C26 -> s0065 | B26: 7.4 | C26: s0085 | D26: s0085_DWRadapt25_cc50_2020LU_DCP | E26: An updated version of the Delta Conveyance Project with 2020 land use | F26: 46072
